cluster_id,n_nodes,n_seed,sum_kzt_internal,top_gids,hypothesis
0,290,2,27893912.23,"100000005910114100,100000008346837100,100000004070318100,100000004400305100,100000008304139100","Сбор, мост и рассылка; гипотеза по наблюдаемому графу, не вывод о нарушении"
1,185,1,45033107.62,"100000008547948100,100000008547844100,100000005527892100,100000008489922100,100000008710791100","Сбор, мост и рассылка; гипотеза по наблюдаемому графу, не вывод о нарушении"
2,178,13,24536002.56,"100000004156082100,100000006579678100,100000005287097100,100000004150593100,100000008389800100","Сбор, мост и рассылка; гипотеза по наблюдаемому графу, не вывод о нарушении"
3,176,0,20142145.0,"100000000437046100,100000008603629100,100000008477350100,100000003528285100,100000004759121100","Сбор, мост и рассылка; гипотеза по наблюдаемому графу, не вывод о нарушении"
4,150,1,5518694.0,"100000001697501100,100000002733905100,100000002527114100,100000003942602100,100000001166289100","Сбор и дальнейшая рассылка; гипотеза по наблюдаемому графу, не вывод о нарушении"
5,124,0,29444929.91,"100000000331309100,100000004906181100,100000002241986100,100000008490127100,100000008011159100","Сбор, мост и рассылка; гипотеза по наблюдаемому графу, не вывод о нарушении"
6,120,4,16395329.8,"100000003115284100,100000007908818100,100000003684369100,100000006889963100,100000000343175100","Сбор, мост и рассылка; гипотеза по наблюдаемому графу, не вывод о нарушении"
7,120,0,4465650.0,"100000002578405100,100000008493007100,100000005041905100,100000001632325100,100000003192309100","Веер исходящих переводов; гипотеза по наблюдаемому графу, не вывод о нарушении"
8,106,0,14430812.51,"100000005933757100,100000005704413100,100000005578559100,100000002963189100,100000008545727100","Веер исходящих переводов; гипотеза по наблюдаемому графу, не вывод о нарушении"
9,81,0,11363560.0,"100000005242320100,100000007998965100,100000006707582100,100000008460102100,100000002748180100","Сбор и дальнейшая рассылка; гипотеза по наблюдаемому графу, не вывод о нарушении"
10,73,1,12253627.0,"100000001530983100,100000003154105100,100000008748914100,100000006977207100,100000002205022100","Сбор и дальнейшая рассылка; гипотеза по наблюдаемому графу, не вывод о нарушении"
11,70,2,24597153.0,"100000004420041100,100000003265158100,100000004603109100,100000001965374100,100000002193259100","Сбор и дальнейшая рассылка; гипотеза по наблюдаемому графу, не вывод о нарушении"
12,68,3,10239855.0,"100000001937767100,100000005514161100,100000004015047100,100000008748408100,100000002152857100","Сбор и дальнейшая рассылка; гипотеза по наблюдаемому графу, не вывод о нарушении"
13,63,2,10641537.61,"100000002838861100,100000003071930100,100000000267734100,100000000274067100,100000001677929100","Сбор и дальнейшая рассылка; гипотеза по наблюдаемому графу, не вывод о нарушении"
14,59,0,7326997.19,"100000004351795100,100000003242289100,100000008512552100,100000008413748100,100000002217161100","Сбор, мост и рассылка; гипотеза по наблюдаемому графу, не вывод о нарушении"
15,50,5,7676042.53,"100000001857829100,100000003880331100,100000008733194100,100000000413678100,100000000640800100","Веер исходящих переводов; гипотеза по наблюдаемому графу, не вывод о нарушении"
16,33,1,1727157.0,"100000005612411100,100000008172352100,100000004358004100,100000002612809100,100000007322059100","Веер исходящих переводов; гипотеза по наблюдаемому графу, не вывод о нарушении"
17,24,0,3340669.0,"100000004017410100,100000007382543100,100000003001661100,100000004076740100,100000008213966100","Сбор и дальнейшая рассылка; гипотеза по наблюдаемому графу, не вывод о нарушении"
18,23,9,1258584.0,"100000004403675100,100000008254069100,100000003823811100,100000004744306100,100000003988112100","Веер исходящих переводов; гипотеза по наблюдаемому графу, не вывод о нарушении"
19,21,0,2845718.0,"100000003854444100,100000003873332100,100000004451012100,100000005661829100,100000008647905100","Веер исходящих переводов; гипотеза по наблюдаемому графу, не вывод о нарушении"
20,18,0,3422800.0,"100000008137435100,100000002267998100,100000003718221100,100000004580202100,100000003701161100","Веер исходящих переводов; гипотеза по наблюдаемому графу, не вывод о нарушении"
21,17,1,2977887.0,"100000004160650100,100000002731501100,100000001330595100,100000004007116100,100000004005964100","Сбор и дальнейшая рассылка; гипотеза по наблюдаемому графу, не вывод о нарушении"
22,15,0,850450.0,"100000001526235100,100000001788284100,100000005505655100,100000002984403100,100000002472632100","Веер исходящих переводов; гипотеза по наблюдаемому графу, не вывод о нарушении"
23,15,0,3626010.0,"100000008461532100,100000006704530100,100000000791285100,100000003069463100,100000003122817100","Веер исходящих переводов; гипотеза по наблюдаемому графу, не вывод о нарушении"
24,13,1,1392916.0,"100000001380054100,100000006232815100,100000003164661100,100000006734554100,100000001782980100","Веер исходящих переводов; гипотеза по наблюдаемому графу, не вывод о нарушении"
25,13,0,6748650.0,"100000007442518100,100000000673868100,100000008258083100,100000002911170100,100000002454724100","Веер исходящих переводов; гипотеза по наблюдаемому графу, не вывод о нарушении"
26,11,0,3784703.0,"100000002175422100,100000003004487100,100000001317336100,100000003557488100,100000002975437100","Сбор и дальнейшая рассылка; гипотеза по наблюдаемому графу, не вывод о нарушении"
27,11,0,1868224.0,"100000008603331100,100000004715209100,100000002032323100,100000001046057100,100000001379511100","Веер исходящих переводов; гипотеза по наблюдаемому графу, не вывод о нарушении"
28,10,0,1260500.0,"100000005074393100,100000006424479100,100000000733451100,100000005882013100,100000001232297100","Веер исходящих переводов; гипотеза по наблюдаемому графу, не вывод о нарушении"
29,10,0,603900.0,"100000003635170100,100000004209339100,100000008501413100,100000002156381100,100000002696152100","Последовательные переводы; гипотеза по наблюдаемому графу, не вывод о нарушении"
30,7,0,1765600.0,"100000007392365100,100000007865484100,100000008551752100,100000003631015100,100000004976946100","Веер исходящих переводов; гипотеза по наблюдаемому графу, не вывод о нарушении"
31,6,0,115500.0,"100000000076451100,100000007131370100,100000002575080100,100000004629688100,100000004750897100","Последовательные переводы; гипотеза по наблюдаемому графу, не вывод о нарушении"
32,6,1,1615030.0,"100000008193577100,100000008751429100,100000008659445100,100000008736940100,100000005456919100","Сбор и дальнейшая рассылка; гипотеза по наблюдаемому графу, не вывод о нарушении"
33,6,1,1527967.0,"100000000580561100,100000007939160100,100000005183943100,100000003888271100,100000000955444100","Веер исходящих переводов; гипотеза по наблюдаемому графу, не вывод о нарушении"
34,6,0,2540000.0,"100000004717647100,100000004479404100,100000002922000100,100000002659103100,100000001533161100","Веер исходящих переводов; гипотеза по наблюдаемому графу, не вывод о нарушении"
35,6,3,4322461.0,"100000008637537100,100000001732159100,100000003404627100,100000008314203100,100000008232832100","Веер исходящих переводов; гипотеза по наблюдаемому графу, не вывод о нарушении"
36,6,1,275885.0,"100000005485830100,100000005895525100,100000002462183100,100000005056870100,100000007175718100","Веер исходящих переводов; гипотеза по наблюдаемому графу, не вывод о нарушении"
37,6,1,383300.0,"100000005546031100,100000008575624100,100000004094958100,100000004331458100,100000005363908100","Сбор и дальнейшая рассылка; гипотеза по наблюдаемому графу, не вывод о нарушении"
38,5,0,1189154.0,"100000000291906100,100000004670388100,100000000291908100,100000004722630100,100000004691350100","Последовательные переводы; гипотеза по наблюдаемому графу, не вывод о нарушении"
39,5,1,2809200.0,"100000004135268100,100000002738256100,100000008571433100,100000004979498100,100000007507343100","Веер исходящих переводов; гипотеза по наблюдаемому графу, не вывод о нарушении"
40,5,2,108007.0,"100000006249740100,100000006562026100,100000007347733100,100000006831291100,100000008129393100","Веер исходящих переводов; гипотеза по наблюдаемому графу, не вывод о нарушении"
41,4,1,1404980.0,"100000001872484100,100000000785800100,100000008601794100,100000002459163100","Веер исходящих переводов; гипотеза по наблюдаемому графу, не вывод о нарушении"
42,4,1,79050.0,"100000006888238100,100000003148220100,100000004971871100,100000001852140100","Последовательные переводы; гипотеза по наблюдаемому графу, не вывод о нарушении"
43,3,1,450000.0,"100000002371751100,100000007018630100,100000000769919100","Последовательные переводы; гипотеза по наблюдаемому графу, не вывод о нарушении"
44,3,1,450816.0,"100000005034574100,100000007283257100,100000004388983100","Получатели и периферия выборки; гипотеза по наблюдаемому графу, не вывод о нарушении"
45,2,1,30000.0,"100000003980083100,100000003200071100","Получатели и периферия выборки; гипотеза по наблюдаемому графу, не вывод о нарушении"
46,2,1,81465.0,"100000003865939100,100000005392290100","Получатели и периферия выборки; гипотеза по наблюдаемому графу, не вывод о нарушении"
47,1,1,0.0,100000000456947100,"Получатели и периферия выборки; гипотеза по наблюдаемому графу, не вывод о нарушении"
48,1,1,0.0,100000003265658100,"Получатели и периферия выборки; гипотеза по наблюдаемому графу, не вывод о нарушении"
49,1,1,0.0,100000003349739100,"Получатели и периферия выборки; гипотеза по наблюдаемому графу, не вывод о нарушении"
50,1,1,0.0,100000003770083100,"Получатели и периферия выборки; гипотеза по наблюдаемому графу, не вывод о нарушении"
51,1,1,0.0,100000004021459100,"Получатели и периферия выборки; гипотеза по наблюдаемому графу, не вывод о нарушении"
52,1,1,0.0,100000004174835100,"Получатели и периферия выборки; гипотеза по наблюдаемому графу, не вывод о нарушении"
53,1,1,0.0,100000005017150100,"Получатели и периферия выборки; гипотеза по наблюдаемому графу, не вывод о нарушении"
54,1,1,0.0,100000005087431100,"Получатели и периферия выборки; гипотеза по наблюдаемому графу, не вывод о нарушении"
55,1,1,0.0,100000005235389100,"Получатели и периферия выборки; гипотеза по наблюдаемому графу, не вывод о нарушении"
56,1,1,0.0,100000005480435100,"Получатели и периферия выборки; гипотеза по наблюдаемому графу, не вывод о нарушении"
57,1,1,0.0,100000005495722100,"Получатели и периферия выборки; гипотеза по наблюдаемому графу, не вывод о нарушении"
58,1,1,0.0,100000005550592100,"Получатели и периферия выборки; гипотеза по наблюдаемому графу, не вывод о нарушении"
59,1,1,0.0,100000005560900100,"Получатели и периферия выборки; гипотеза по наблюдаемому графу, не вывод о нарушении"
60,1,1,0.0,100000005568407100,"Получатели и периферия выборки; гипотеза по наблюдаемому графу, не вывод о нарушении"
61,1,1,0.0,100000008117324100,"Получатели и периферия выборки; гипотеза по наблюдаемому графу, не вывод о нарушении"
62,1,1,0.0,100000008205000100,"Получатели и периферия выборки; гипотеза по наблюдаемому графу, не вывод о нарушении"
63,1,1,0.0,100000008513251100,"Получатели и периферия выборки; гипотеза по наблюдаемому графу, не вывод о нарушении"
64,1,1,0.0,100000008669037100,"Получатели и периферия выборки; гипотеза по наблюдаемому графу, не вывод о нарушении"
65,1,1,0.0,100000008701222100,"Получатели и периферия выборки; гипотеза по наблюдаемому графу, не вывод о нарушении"
